layer,lag,reuse_prob,jaccard,domain,chance_reuse
0,1,0.11815539442430303,0.07146138855102475,code,0.11951335546875
1,1,0.2535160645080635,0.1596325165021252,code,0.1410322421875
2,1,0.3707807225903238,0.24941282828518735,code,0.2514787929687501
3,1,0.3647018377297162,0.24108818353098888,code,0.1773763203125
4,1,0.5004219277409676,0.3607562361656623,code,0.3296226796875
5,1,0.486123265408176,0.34997614240019537,code,0.29381306640625005
6,1,0.5857763470433804,0.4388780809833441,code,0.41757045703124995
7,1,0.5327072134016753,0.38529974699495884,code,0.3135943046875
8,1,0.5376297037129641,0.3904308856677902,code,0.35664510156249996
9,1,0.5173302912864108,0.3720855161285215,code,0.27339626953125
10,1,0.46954306788348543,0.328502531902957,code,0.21932510546875
11,1,0.4444618077259657,0.30618835957003226,code,0.20390545703125
12,1,0.46579259907488435,0.328012169242323,code,0.22282409765625005
13,1,0.4209901237654707,0.2912498899747306,code,0.19430861328125001
14,1,0.4667927240905113,0.32683838227031126,code,0.24944845312500002
15,1,0.4725278159769971,0.33105322258966463,code,0.23886984765625
16,1,0.4879828728591074,0.34572813110130274,code,0.2617144765625001
17,1,0.4926397049631204,0.34722000922776014,code,0.32966190234375004
18,1,0.5531003875484436,0.40539500782031096,code,0.39074381640625
19,1,0.5498499812476559,0.4026171020295285,code,0.3235255546875
20,1,0.5326759594949368,0.3861551402994083,code,0.3427318906250001
21,1,0.5332854106763345,0.3872086352896454,code,0.29942129296875
22,1,0.4685273159144893,0.33196103669912896,code,0.2269456875
23,1,0.4523221652706588,0.3176471234728517,code,0.22650634375
24,1,0.4679334916864608,0.3339679309175496,code,0.2398827421875
25,1,0.45571321415176896,0.3240231619028968,code,0.2230914765625
26,1,0.4863264158019752,0.34698008579743794,code,0.27049874218750003
27,1,0.4896080760095012,0.3493278567912897,code,0.25014665234375
28,1,0.5131735216902112,0.3727255256446405,code,0.27300704687500005
29,1,0.5156269533691712,0.36915068929070677,code,0.3358510742187499
30,1,0.6131235154394299,0.4689900062571646,code,0.438634640625
31,1,0.5765720715089386,0.43254768317901204,code,0.32294503906250005
32,1,0.5627578447305913,0.41975210826317205,code,0.35598559375
33,1,0.5557725965745718,0.41490167678441203,code,0.31657068749999995
34,1,0.5011407675959495,0.3657313141498664,code,0.25105179296875
35,1,0.48710776347043383,0.35293080743762073,code,0.24679302734375
36,1,0.4827322165270659,0.3521158842824051,code,0.24267796093750002
37,1,0.47690336292036506,0.34396673599073896,code,0.23316130078125
38,1,0.48077884735591947,0.3493547082995763,code,0.25778259765625006
39,1,0.47368421052631576,0.3390533873344224,code,0.24094796484375
40,1,0.4753094136767096,0.3493760507387211,code,0.25237268359375
41,1,0.5014533066633329,0.3597147029326051,code,0.33537607031250005
42,1,0.4660270033754219,0.3334345087064177,code,0.3164209453125
43,1,0.4705431928991124,0.33392119680405713,code,0.32348298828125
44,1,0.47057444680585075,0.3372996743918109,code,0.31443437109375005
45,1,0.4852325290661333,0.35968368562442815,code,0.36303586718749997
46,1,0.39642455306913366,0.27787731153151835,code,0.27113601171875
47,1,0.2760032504063008,0.1906531578740605,code,0.188435546875
0,2,0.11490372593148288,0.07272103573678967,code,0.11951335546875
1,2,0.17634096024006002,0.1098147996872678,code,0.1410322421875
2,2,0.2915103775943986,0.18896517613696912,code,0.2514787929687501
3,2,0.25490747686921733,0.16088071301874754,code,0.1773763203125
4,2,0.4188390847711928,0.28852018754494374,code,0.3296226796875
5,2,0.40314766191547885,0.2804338280707373,code,0.29381306640625005
6,2,0.5283508377094274,0.38421174002569347,code,0.41757045703124995
7,2,0.47150850212553136,0.33003129237187745,code,0.3135943046875
8,2,0.47389972493123284,0.3321647067333488,code,0.35664510156249996
9,2,0.4384377344336084,0.30273477182704495,code,0.27339626953125
10,2,0.3867685671417854,0.2585992679766123,code,0.21932510546875
11,2,0.3610590147536884,0.23725622547828104,code,0.20390545703125
12,2,0.37818829707426854,0.25289306842195064,code,0.22282409765625005
13,2,0.32945736434108525,0.21772257361154587,code,0.19430861328125001
14,2,0.3945048762190548,0.26629721588461275,code,0.24944845312500002
15,2,0.40639847461865464,0.2741651585612576,code,0.23886984765625
16,2,0.4249187296824206,0.2896058374678029,code,0.2617144765625001
17,2,0.4330926481620405,0.29406530509306206,code,0.32966190234375004
18,2,0.5056107776944236,0.36027410115932246,code,0.39074381640625
19,2,0.5050793948487122,0.36013858331937854,code,0.3235255546875
20,2,0.4778850962740685,0.3354368950768051,code,0.3427318906250001
21,2,0.46349087271817957,0.3232012826161363,code,0.29942129296875
22,2,0.3990685171292823,0.2713169218045437,code,0.2269456875
23,2,0.38493998499624904,0.2604225370917044,code,0.22650634375
24,2,0.39603650912728183,0.2709812901110725,code,0.2398827421875
25,2,0.37487496874218557,0.25379146151839327,code,0.2230914765625
26,2,0.4163228307076769,0.2859141025682661,code,0.27049874218750003
27,2,0.42068329582395597,0.2876099338965056,code,0.25014665234375
28,2,0.4476744186046512,0.31311252444035637,code,0.27300704687500005
29,2,0.4529257314328582,0.31143026349327924,code,0.3358510742187499
30,2,0.5673293323330832,0.42085245198523513,code,0.438634640625
31,2,0.5249281070267567,0.38047993794430396,code,0.32294503906250005
32,2,0.5055638909727432,0.36340698838823365,code,0.35598559375
33,2,0.49010690172543137,0.3507236199659305,code,0.31657068749999995
34,2,0.4327488122030508,0.30313011985930216,code,0.25105179296875
35,2,0.41597899474868716,0.2888567019099652,code,0.24679302734375
36,2,0.4095086271567892,0.2835171635621748,code,0.24267796093750002
37,2,0.39114466116529134,0.2671818776094845,code,0.23316130078125
38,2,0.4070705176294073,0.28584973138611547,code,0.25778259765625006
39,2,0.3933483370842711,0.270278639145856,code,0.24094796484375
40,2,0.4105401350337584,0.2941264842240086,code,0.25237268359375
41,2,0.4386721680420105,0.30271081478883427,code,0.33537607031250005
42,2,0.39931857964491124,0.2774668858689864,code,0.3164209453125
43,2,0.40492935733933483,0.2790825189924965,code,0.32348298828125
44,2,0.41216554138534633,0.287005356622761,code,0.31443437109375005
45,2,0.4265128782195549,0.30666143336810997,code,0.36303586718749997
46,2,0.347915103775944,0.2387702098129705,code,0.27113601171875
47,2,0.2495467616904226,0.1722954298348147,code,0.188435546875
0,4,0.14887131065532766,0.1023550125601151,code,0.11951335546875
1,4,0.19295585292646322,0.12750354253605878,code,0.1410322421875
2,4,0.3075756628314157,0.20617345524799255,code,0.2514787929687501
3,4,0.24856178089044523,0.16034216464431572,code,0.1773763203125
4,4,0.4081415707853927,0.28375538085393015,code,0.3296226796875
5,4,0.39264944972486243,0.2733720978593415,code,0.29381306640625005
6,4,0.5205415207603802,0.3784024601933556,code,0.41757045703124995
7,4,0.45860430215107556,0.3212955156677017,code,0.3135943046875
8,4,0.4581353176588294,0.32012421184507234,code,0.35664510156249996
9,4,0.41211230615307654,0.28207307949679133,code,0.27339626953125
10,4,0.3564751125562781,0.2363216684377265,code,0.21932510546875
11,4,0.33391695847923963,0.21876836409102543,code,0.20390545703125
12,4,0.34140507753876936,0.22580356389761091,code,0.22282409765625005
13,4,0.309435967983992,0.20526962615506888,code,0.19430861328125001
14,4,0.3810186343171586,0.25660021430406627,code,0.24944845312500002
15,4,0.37487493746873435,0.25027553181630224,code,0.23886984765625
16,4,0.4016852176088044,0.2723294270067657,code,0.2617144765625001
17,4,0.4251344422211106,0.29075079220151756,code,0.32966190234375004
18,4,0.4938875687843922,0.3502609085650606,code,0.39074381640625
19,4,0.48460167583791897,0.34210703697947326,code,0.3235255546875
20,4,0.4627157328664332,0.322825651364921,code,0.3427318906250001
21,4,0.44151763381690845,0.3051096949296049,code,0.29942129296875
22,4,0.37363994497248626,0.2518883873060962,code,0.2269456875
23,4,0.35766320660330164,0.24038075481297094,code,0.22650634375
24,4,0.36743371685842924,0.2490307674649846,code,0.2398827421875
25,4,0.3539894947473737,0.23944185712569907,code,0.2230914765625
26,4,0.40451475737868936,0.27795173533042467,code,0.27049874218750003
27,4,0.39471298149074535,0.2676707345791888,code,0.25014665234375
28,4,0.4208197848924462,0.2907116978402622,code,0.27300704687500005
29,4,0.4435655327663832,0.3049242514475131,code,0.3358510742187499
30,4,0.5498374187093547,0.40435209557270585,code,0.438634640625
31,4,0.5003282891445723,0.3588606435529897,code,0.32294503906250005
32,4,0.48641508254127064,0.3464875627957169,code,0.35598559375
33,4,0.4609023261630815,0.32503962881651727,code,0.31657068749999995
34,4,0.4013569284642321,0.2776824781577158,code,0.25105179296875
35,4,0.3809561030515258,0.2611861736173892,code,0.24679302734375
36,4,0.369794272136068,0.25252614652314503,code,0.24267796093750002
37,4,0.3593046523261631,0.24552623742218538,code,0.23316130078125
38,4,0.3837543771885943,0.268723811345122,code,0.25778259765625006
39,4,0.3671210605302651,0.25113406409054234,code,0.24094796484375
40,4,0.38469234617308656,0.27267571514695077,code,0.25237268359375
41,4,0.42710417708854426,0.2951165809344899,code,0.33537607031250005
42,4,0.39919959979989994,0.2780569105731687,code,0.3164209453125
43,4,0.403951975987994,0.27873308393568524,code,0.32348298828125
44,4,0.4055308904452226,0.28284594622763704,code,0.31443437109375005
45,4,0.42541583291645824,0.3056344272702452,code,0.36303586718749997
46,4,0.3502845172586293,0.2420777543839075,code,0.27113601171875
47,4,0.26991620810405204,0.19359042658192235,code,0.188435546875
0,8,0.14342467467467468,0.09639074361296585,code,0.11951335546875
1,8,0.18232294794794796,0.11846084346084346,code,0.1410322421875
2,8,0.2982513763763764,0.19758898647787537,code,0.2514787929687501
3,8,0.23750312812812813,0.1514155847489181,code,0.1773763203125
4,8,0.392627002002002,0.270130539574984,code,0.3296226796875
5,8,0.3699637137137137,0.25489126878015766,code,0.29381306640625005
6,8,0.5088213213213213,0.3662339523450634,code,0.41757045703124995
7,8,0.43313626126126126,0.29815385648718984,code,0.3135943046875
8,8,0.4401901901901902,0.30329191718080606,code,0.35664510156249996
9,8,0.3869963713713714,0.2603547770214437,code,0.27339626953125
10,8,0.3256694194194194,0.2107873107873108,code,0.21932510546875
11,8,0.3009572072072072,0.19321894877450435,code,0.20390545703125
12,8,0.3104510760760761,0.20092730648286206,code,0.22282409765625005
13,8,0.27841904404404405,0.1816144816144816,code,0.19430861328125001
14,8,0.3533377127127127,0.23469638747416527,code,0.24944845312500002
15,8,0.34428178178178176,0.2255588116699228,code,0.23886984765625
16,8,0.36863425925925924,0.24558192335970117,code,0.2617144765625001
17,8,0.41092655155155156,0.2778928806706584,code,0.32966190234375004
18,8,0.47761824324324326,0.3341115174448508,code,0.39074381640625
19,8,0.46285347847847846,0.32113979058423503,code,0.3235255546875
20,8,0.4436936936936937,0.30552039163150274,code,0.3427318906250001
21,8,0.4180586836836837,0.28463060963060965,code,0.29942129296875
22,8,0.34495432932932935,0.22788956122289458,code,0.2269456875
23,8,0.3301582832832833,0.21784379006601226,code,0.22650634375
24,8,0.3388544794794795,0.2252135252135252,code,0.2398827421875
25,8,0.3270457957957958,0.21843834343834345,code,0.2230914765625
26,8,0.38242930430430433,0.2601823101823102,code,0.27049874218750003
27,8,0.36793043043043044,0.24497999220221445,code,0.25014665234375
28,8,0.3934872372372372,0.2678177428177428,code,0.27300704687500005
29,8,0.4298048048048048,0.29317084317084313,code,0.3358510742187499
30,8,0.533470970970971,0.38749816527594294,code,0.438634640625
31,8,0.4704861111111111,0.3296472157583269,code,0.32294503906250005
32,8,0.467357982982983,0.3288603399714511,code,0.35598559375
33,8,0.44083145645645644,0.3079729635285191,code,0.31657068749999995
34,8,0.3711054804804805,0.25212364656809105,code,0.25105179296875
35,8,0.3517267267267267,0.2371344788011455,code,0.24679302734375
36,8,0.34306181181181183,0.23030734697401367,code,0.24267796093750002
37,8,0.33453766266266266,0.22684539073427962,code,0.23316130078125
38,8,0.36355105105105107,0.25223773557106893,code,0.25778259765625006
39,8,0.34371871871871873,0.23149724816391487,code,0.24094796484375
40,8,0.35709146646646645,0.2503278197722642,code,0.25237268359375
41,8,0.4136011011011011,0.283061627506072,code,0.33537607031250005
42,8,0.3825387887887888,0.2621584843807066,code,0.3164209453125
43,8,0.3901244994994995,0.2651934513045624,code,0.32348298828125
44,8,0.3838995245245245,0.26316402149735485,code,0.31443437109375005
45,8,0.41511824324324326,0.29488043099154215,code,0.36303586718749997
46,8,0.3354291791791792,0.22839663672997007,code,0.27113601171875
47,8,0.25,0.17683547683547685,code,0.188435546875
0,16,0.1456506763527054,0.09803173335237464,code,0.11951335546875
1,16,0.1800945641282565,0.11711705128538795,code,0.1410322421875
2,16,0.29864416332665333,0.19714714421628252,code,0.2514787929687501
3,16,0.23060182865731463,0.1467609155484907,code,0.1773763203125
4,16,0.382749874749499,0.2613595600569548,code,0.3296226796875
5,16,0.3590931863727455,0.24593535222292737,code,0.29381306640625005
6,16,0.49456725951903807,0.3529676346810615,code,0.41757045703124995
7,16,0.4125438376753507,0.28113812262108856,code,0.3135943046875
8,16,0.4277461172344689,0.29321104190843666,code,0.35664510156249996
9,16,0.3684869739478958,0.24569551746405452,code,0.27339626953125
10,16,0.3081632014028056,0.19794754899965325,code,0.21932510546875
11,16,0.28355147795591185,0.18127041629045637,code,0.20390545703125
12,16,0.29480836673346694,0.18982546622827187,code,0.22282409765625005
13,16,0.26092810621242485,0.16969976972481982,code,0.19430861328125001
14,16,0.33297845691382766,0.2196208573212581,code,0.24944845312500002
15,16,0.3221129759519038,0.20953193989266136,code,0.23886984765625
16,16,0.3451747244488978,0.22781943340560576,code,0.2617144765625001
17,16,0.3934744488977956,0.2638141946007677,code,0.32966190234375004
18,16,0.4615950651302605,0.3200372551073954,code,0.39074381640625
19,16,0.43843937875751504,0.30041569708403376,code,0.3235255546875
20,16,0.42560120240480964,0.2907025978919766,code,0.3427318906250001
21,16,0.39860971943887774,0.2687662815919329,code,0.29942129296875
22,16,0.3231776052104208,0.2109754724233682,code,0.2269456875
23,16,0.3086485470941884,0.2014607775880321,code,0.22650634375
24,16,0.3184807114228457,0.20974809814990178,code,0.2398827421875
25,16,0.30470315631262523,0.2022029518021502,code,0.2230914765625
26,16,0.36144163326653306,0.24328970406124714,code,0.27049874218750003
27,16,0.34475200400801603,0.22715598529726785,code,0.25014665234375
28,16,0.37204095691382766,0.25131359677952864,code,0.27300704687500005
29,16,0.4155185370741483,0.2811497565004579,code,0.3358510742187499
30,16,0.5198678607214429,0.37436310905749776,code,0.438634640625
31,16,0.4454690631262525,0.30820033340073427,code,0.32294503906250005
32,16,0.4462831913827655,0.3102486274580463,code,0.35598559375
33,16,0.41965180360721444,0.29028845514316454,code,0.31657068749999995
34,16,0.3479302354709419,0.23457745772375033,code,0.25105179296875
35,16,0.3326183617234469,0.22321044853609984,code,0.24679302734375
36,16,0.3253538326653307,0.2174419490551755,code,0.24267796093750002
37,16,0.31672720440881763,0.2145365823221535,code,0.23316130078125
38,16,0.3432959669338677,0.23745352009380066,code,0.25778259765625006
39,16,0.3246806112224449,0.21793395315439404,code,0.24094796484375
40,16,0.33740919338677355,0.23593895805819654,code,0.25237268359375
41,16,0.4013495741482966,0.2731744346724307,code,0.33537607031250005
42,16,0.3771762274549098,0.2584767492583124,code,0.3164209453125
43,16,0.38038577154308617,0.2571455098008204,code,0.32348298828125
44,16,0.3731212424849699,0.25462603250679405,code,0.31443437109375005
45,16,0.4077999749498998,0.28820244829763864,code,0.36303586718749997
46,16,0.3261836172344689,0.22128570049411733,code,0.27113601171875
47,16,0.24096630761523047,0.17097218635294786,code,0.188435546875
0,32,0.12716490963855423,0.08303114779018393,code,0.11951335546875
1,32,0.16042294176706828,0.10166860415354391,code,0.1410322421875
2,32,0.2760730421686747,0.17842742375874907,code,0.2514787929687501
3,32,0.21351029116465864,0.13364307490813512,code,0.1773763203125
4,32,0.3625909889558233,0.2437383678347534,code,0.3296226796875
5,32,0.3390279869477912,0.22890093228948652,code,0.29381306640625005
6,32,0.4728288152610442,0.33213565495192,code,0.41757045703124995
7,32,0.3919113955823293,0.26307002624773707,code,0.3135943046875
8,32,0.4031438253012048,0.2722949768883504,code,0.35664510156249996
9,32,0.33979668674698793,0.22332137407438613,code,0.27339626953125
10,32,0.28313253012048195,0.17855772351254282,code,0.21932510546875
11,32,0.2584086345381526,0.16198124164991637,code,0.20390545703125
12,32,0.26907630522088355,0.17011276318505236,code,0.22282409765625005
13,32,0.2370105421686747,0.15165655128004527,code,0.19430861328125001
14,32,0.31105672690763053,0.2025904650904651,code,0.24944845312500002
15,32,0.29604354919678716,0.18918668067764455,code,0.23886984765625
16,32,0.32537964357429716,0.21167921213101934,code,0.2617144765625001
17,32,0.3777610441767068,0.2503711148289462,code,0.32966190234375004
18,32,0.43870795682730923,0.29991099652244224,code,0.39074381640625
19,32,0.41018762550200805,0.2754673873649777,code,0.3235255546875
20,32,0.39981802208835343,0.26867853532010155,code,0.3427318906250001
21,32,0.3718624497991968,0.24694313662687162,code,0.29942129296875
22,32,0.2964357429718876,0.19034497129376649,code,0.2269456875
23,32,0.28371297690763053,0.18200613531938833,code,0.22650634375
24,32,0.29359626004016065,0.190231460863991,code,0.2398827421875
25,32,0.2784262048192771,0.18162765391681054,code,0.2230914765625
26,32,0.33822791164658633,0.2249525937025937,code,0.27049874218750003
27,32,0.31479041164658633,0.20331262612889123,code,0.25014665234375
28,32,0.34881714357429716,0.23243964313241422,code,0.27300704687500005
29,32,0.3936056726907631,0.2624741891308156,code,0.3358510742187499
30,32,0.49016378012048195,0.3467923781929806,code,0.438634640625
31,32,0.416023468875502,0.28269737012206897,code,0.32294503906250005
32,32,0.4204631024096386,0.28828441471513766,code,0.35598559375
33,32,0.39200552208835343,0.26735104754683064,code,0.31657068749999995
34,32,0.32288529116465864,0.213703615661447,code,0.25105179296875
35,32,0.30710341365461846,0.20269711881157665,code,0.24679302734375
36,32,0.2983496485943775,0.19614949419166286,code,0.24267796093750002
37,32,0.291980421686747,0.19501241730157393,code,0.23316130078125
38,32,0.3221009036144578,0.2199724388730413,code,0.25778259765625006
39,32,0.29955760542168675,0.19794429410393266,code,0.24094796484375
40,32,0.31480609939759036,0.21744762098677764,code,0.25237268359375
41,32,0.38060052710843373,0.2553859711239229,code,0.33537607031250005
42,32,0.35546875,0.24021277417361758,code,0.3164209453125
43,32,0.3601436997991968,0.24006840994792802,code,0.32348298828125
44,32,0.35162525100401604,0.23644778637248517,code,0.31443437109375005
45,32,0.38679718875502006,0.26955164146429206,code,0.36303586718749997
46,32,0.30307166164658633,0.2021820409621614,code,0.27113601171875
47,32,0.21955007530120482,0.15334823866450373,code,0.188435546875
0,1,0.14009563695461932,0.09037002641203165,general,0.09756336718750001
1,1,0.26981497687210904,0.17407832544724655,general,0.10360971875
2,1,0.2945211901487686,0.198016668500479,general,0.11956601171875
3,1,0.4051600200025003,0.27673346780735203,general,0.1588922734375
4,1,0.3897205900737592,0.27039417223190193,general,0.141451921875
5,1,0.39429928741092635,0.27400148295260185,general,0.141179375
6,1,0.48313851731466434,0.35362430349303703,general,0.200434375
7,1,0.5583041630203776,0.4175846545142706,general,0.26985007812499995
8,1,0.4804506813351669,0.3434995280725997,general,0.20002941015625003
9,1,0.4939992499062383,0.3555105643616707,general,0.1845922890625
10,1,0.44835291911488934,0.3186978514394441,general,0.14754371484375
11,1,0.4338667333416677,0.3017147123410406,general,0.16622470703125003
12,1,0.49353044130516316,0.3534284997967958,general,0.22643058984375003
13,1,0.3735310663832979,0.2530729677873071,general,0.1351325859375
14,1,0.45161895236904614,0.3133100401008889,general,0.19840512890624998
15,1,0.4943742967870984,0.35227886946851816,general,0.21771149999999997
16,1,0.40958244780597575,0.2776226648710709,general,0.1555722734375
17,1,0.4694493061632704,0.3285066394205037,general,0.25911934765625
18,1,0.5369264908113515,0.39980898655733005,general,0.223419890625
19,1,0.6153269158644831,0.4727079007864105,general,0.33199116406249995
20,1,0.5088448556069509,0.3681739077413536,general,0.21528480468750003
21,1,0.47943492936617077,0.34200920136662105,general,0.18637201171875
22,1,0.4333979247405926,0.30439315514949966,general,0.15572013671874996
23,1,0.40076884610576324,0.2770979544826276,general,0.15713321875000005
24,1,0.47943492936617077,0.3423102352218491,general,0.22863424999999998
25,1,0.36853044130516316,0.2491605489980287,general,0.13592764453125
26,1,0.44647768471058885,0.31075667675242624,general,0.19191378125000003
27,1,0.4804038004750594,0.3432225620499154,general,0.20546316015625
28,1,0.422021502687836,0.28987616126008425,general,0.16364378906250002
29,1,0.4727622202775347,0.33371471078684484,general,0.2529485195312501
30,1,0.5803069133641705,0.44240077684258194,general,0.22830908203125
31,1,0.6590198774846856,0.5208808055163849,general,0.3452886210937501
32,1,0.5485685710713839,0.4049124078127703,general,0.218057046875
33,1,0.5294880610076259,0.3866868306923313,general,0.19041267578124998
34,1,0.45330666333291664,0.3209184198307839,general,0.15461190234375
35,1,0.4318039754969371,0.3010658716621962,general,0.16876623828124998
36,1,0.48452931616452055,0.34753241924138284,general,0.21107689453125
37,1,0.3670927615951994,0.2482474728255451,general,0.13151435937500003
38,1,0.4782785348168521,0.33673408032702945,general,0.2272106640625
39,1,0.468042880360045,0.33271302324934027,general,0.1765821796875
40,1,0.41012939117389674,0.2850690224611965,general,0.156462765625
41,1,0.39798724840605076,0.27387464114555,general,0.16650657421875
42,1,0.3929397424678085,0.2696299269620935,general,0.16887321093750002
43,1,0.45043130391298913,0.31857541688770596,general,0.192046484375
44,1,0.4891236404550569,0.3474328313683233,general,0.22935568750000002
45,1,0.4805131891486436,0.34525220580977545,general,0.22612302734374998
46,1,0.40692586573321665,0.2823080601802942,general,0.20504692968749996
47,1,0.2573602950368796,0.1777773309464771,general,0.133336359375
0,2,0.12095211302825706,0.07625550243704782,general,0.09756336718750001
1,2,0.16805763940985247,0.10325614204083822,general,0.10360971875
2,2,0.1970961490372593,0.125967880581534,general,0.11956601171875
3,2,0.28085146286571644,0.1788465819973697,general,0.1588922734375
4,2,0.27789759939985,0.18145967560821274,general,0.141451921875
5,2,0.28599337334333585,0.18751571009635526,general,0.141179375
6,2,0.39989684921230306,0.28022949515822737,general,0.200434375
7,2,0.4863090772693173,0.34777046742538115,general,0.26985007812499995
8,2,0.3824237309327332,0.2579774258693989,general,0.20002941015625003
9,2,0.3872999499874969,0.2614164918741063,general,0.1845922890625
10,2,0.33655288822205554,0.22475447366670176,general,0.14754371484375
11,2,0.3285665166291573,0.2142685604801134,general,0.16622470703125003
12,2,0.402975743935984,0.2731280527979703,general,0.22643058984375003
13,2,0.2600025006251563,0.1664444221833569,general,0.1351325859375
14,2,0.3707333083270818,0.2448918645467783,general,0.19840512890624998
15,2,0.4133377094273568,0.27957232398342674,general,0.21771149999999997
16,2,0.3284414853713428,0.21261235777364812,general,0.1555722734375
17,2,0.3939734933733433,0.2625788120911902,general,0.25911934765625
18,2,0.47397786946736686,0.3408620747705519,general,0.223419890625
19,2,0.5613122030507627,0.41667288839081784,general,0.33199116406249995
20,2,0.43667166791697926,0.3026432987423235,general,0.21528480468750003
21,2,0.39736496624156037,0.2696547152661181,general,0.18637201171875
22,2,0.34385158789697423,0.22903673803898864,general,0.15572013671874996
23,2,0.30585771442860715,0.19910762183830452,general,0.15713321875000005
24,2,0.40219429857464367,0.27277406264653076,general,0.22863424999999998
25,2,0.2665978994748687,0.17095299188322444,general,0.13592764453125
26,2,0.37190547636909227,0.2476566361037479,general,0.19191378125000003
27,2,0.4005845211302826,0.271974925688354,general,0.20546316015625
28,2,0.3431951737934484,0.22515933401154709,general,0.16364378906250002
29,2,0.3985683920980245,0.26780143254261785,general,0.2529485195312501
30,2,0.5144254813703426,0.3783596609553098,general,0.22830908203125
31,2,0.6065110027506877,0.4644855464060264,general,0.3452886210937501
32,2,0.47169604901225304,0.3329285673621758,general,0.218057046875
33,2,0.43879719929982497,0.303485703260647,general,0.19041267578124998
34,2,0.353900975243811,0.2369318797675887,general,0.15461190234375
35,2,0.32873843460865215,0.215024257784948,general,0.16876623828124998
36,2,0.39448924731182794,0.2665683154055247,general,0.21107689453125
37,2,0.2613622155538885,0.1676504263150925,general,0.13151435937500003
38,2,0.3948487121780445,0.26359254371257373,general,0.2272106640625
39,2,0.37065516379094776,0.2478809401540084,general,0.1765821796875
40,2,0.32895723930982745,0.21716536637766948,general,0.156462765625
41,2,0.31446924231057766,0.20553691258867554,general,0.16650657421875
42,2,0.3046855463865967,0.19880544006575515,general,0.16887321093750002
43,2,0.3761565391347837,0.2542759343959644,general,0.192046484375
44,2,0.41926106526631657,0.285190039878712,general,0.22935568750000002
45,2,0.4223087021755439,0.2916753747211362,general,0.22612302734374998
46,2,0.3367248062015504,0.2244019574102095,general,0.20504692968749996
47,2,0.18860965241310326,0.12676308715318468,general,0.133336359375
0,4,0.12018509254627313,0.07668899384757315,general,0.09756336718750001
1,4,0.1482928964482241,0.09113238770567435,general,0.10360971875
2,4,0.1799337168584292,0.11452586655187955,general,0.11956601171875
3,4,0.24066720860430216,0.14979119596428248,general,0.1588922734375
4,4,0.2358679339669835,0.1506291107591758,general,0.141451921875
5,4,0.24684217108554277,0.1577896313013872,general,0.141179375
6,4,0.37471860930465234,0.25684643298450205,general,0.200434375
7,4,0.4616214357178589,0.32361667569271374,general,0.26985007812499995
8,4,0.34795522761380693,0.22988013598318752,general,0.20002941015625003
9,4,0.345969859929965,0.22771795210514573,general,0.1845922890625
10,4,0.2833135317658829,0.18399270675408747,general,0.14754371484375
11,4,0.2851113056528264,0.18167151341238386,general,0.16622470703125003
12,4,0.35752251125562784,0.2345515748217099,general,0.22643058984375003
13,4,0.22730115057528763,0.14388320256254222,general,0.1351325859375
14,4,0.3377626313156578,0.21908140772572987,general,0.19840512890624998
15,4,0.37754814907453726,0.24969154573956975,general,0.21771149999999997
16,4,0.3034954977488744,0.1935899490426754,general,0.1555722734375
17,4,0.37822036018009003,0.25026505926956155,general,0.25911934765625
18,4,0.4535392696348174,0.32062927900846866,general,0.223419890625
19,4,0.541974112056028,0.396356589328075,general,0.33199116406249995
20,4,0.4050775387693847,0.27527364525863773,general,0.21528480468750003
21,4,0.3666364432216108,0.24431534226431678,general,0.18637201171875
22,4,0.30548086543271635,0.19863233870237376,general,0.15572013671874996
23,4,0.2736211855927964,0.17494596726712786,general,0.15713321875000005
24,4,0.368262256128064,0.24380329247762966,general,0.22863424999999998
25,4,0.23768134067033517,0.15107684267264057,general,0.13592764453125
26,4,0.3417177338669335,0.2231252128450728,general,0.19191378125000003
27,4,0.3672930215107554,0.24347411801138666,general,0.20546316015625
28,4,0.3280233866933467,0.21346166756371862,general,0.16364378906250002
29,4,0.38094047023511757,0.25347282365791624,general,0.2529485195312501
30,4,0.4859617308654327,0.34977273851711066,general,0.22830908203125
31,4,0.5765695347673837,0.4315649222102448,general,0.3452886210937501
32,4,0.4281515757878939,0.29448867512899524,general,0.218057046875
33,4,0.3932903951975988,0.2656568266373169,general,0.19041267578124998
34,4,0.31070222611305653,0.20270854708073316,general,0.15461190234375
35,4,0.2877532516258129,0.18420929023730426,general,0.16876623828124998
36,4,0.35505252626313155,0.23377179487734767,general,0.21107689453125
37,4,0.2343984492246123,0.14979224544006936,general,0.13151435937500003
38,4,0.36224362181090547,0.23772518682473662,general,0.2272106640625
39,4,0.3315251375687844,0.2170398136131003,general,0.1765821796875
40,4,0.31189032016008006,0.2037261832159281,general,0.156462765625
41,4,0.29127063531765884,0.18994895938367673,general,0.16650657421875
42,4,0.2934123311655828,0.19025242169314208,general,0.16887321093750002
43,4,0.35733491745872936,0.23965469803388764,general,0.192046484375
44,4,0.3929152076038019,0.2643078643328769,general,0.22935568750000002
45,4,0.4051869684842421,0.27855165789132774,general,0.22612302734374998
46,4,0.3212700100050025,0.21359182754880604,general,0.20504692968749996
47,4,0.19645760380190094,0.1347954002531291,general,0.133336359375
0,8,0.11696071071071071,0.07404004904004903,general,0.09756336718750001
1,8,0.13479104104104103,0.08187743187743188,general,0.10360971875
2,8,0.17181243743743743,0.10862943085165305,general,0.11956601171875
3,8,0.22189376876876876,0.13627731683287242,general,0.1588922734375
4,8,0.21588776276276275,0.13664594775705885,general,0.141451921875
5,8,0.22239426926926928,0.1404598043486932,general,0.141179375
6,8,0.34861423923923923,0.23515288515288515,general,0.200434375
7,8,0.4327921671671672,0.2987215570548904,general,0.26985007812499995
8,8,0.31886574074074076,0.20663251774362887,general,0.20002941015625003
9,8,0.3082301051051051,0.19927913261246594,general,0.1845922890625
10,8,0.24563626126126126,0.15562350562350563,general,0.14754371484375
11,8,0.25502064564564564,0.1598531431864765,general,0.16622470703125003
12,8,0.3191316316316316,0.20423080145302372,general,0.22643058984375003
13,8,0.20371934434434436,0.12719176885843553,general,0.1351325859375
14,8,0.3040227727727728,0.19312253756698203,general,0.19840512890624998
15,8,0.34429742242242245,0.22343667899223457,general,0.21771149999999997
16,8,0.277245995995996,0.17456723845612734,general,0.1555722734375
17,8,0.34966216216216217,0.22762323317878874,general,0.25911934765625
18,8,0.42201576576576577,0.2928268706046484,general,0.223419890625
19,8,0.5084772272272272,0.36426998093664753,general,0.33199116406249995
20,8,0.3678835085085085,0.24482850593961708,general,0.21528480468750003
21,8,0.3284221721721722,0.21447210891655336,general,0.18637201171875
22,8,0.2663444694694695,0.16967614745392526,general,0.15572013671874996
23,8,0.24630880880880882,0.15506103006103006,general,0.15713321875000005
24,8,0.3327859109109109,0.2157399435177213,general,0.22863424999999998
25,8,0.2124781031031031,0.13289074955741623,general,0.13592764453125
26,8,0.30690065065065064,0.1962074045407379,general,0.19191378125000003
27,8,0.3315033783783784,0.2156758767869879,general,0.20546316015625
28,8,0.29857982982982983,0.19077671022115467,general,0.16364378906250002
29,8,0.350147022022022,0.2296260379593713,general,0.2529485195312501
30,8,0.44671233733733734,0.31397840286729173,general,0.22830908203125
31,8,0.5350193943943944,0.39038425705092367,general,0.3452886210937501
32,8,0.3837274774774775,0.2573238239904907,general,0.218057046875
33,8,0.3501783033033033,0.2314819314819315,general,0.19041267578124998
34,8,0.2657814064064064,0.16906832740166075,general,0.15461190234375
35,8,0.2562718968968969,0.16107009440342773,general,0.16876623828124998
36,8,0.31767705205205204,0.20472724361613254,general,0.21107689453125
37,8,0.2102414914914915,0.13229453507231284,general,0.13151435937500003
38,8,0.32660785785785784,0.209790120901232,general,0.2272106640625
39,8,0.29893956456456455,0.19216563105451995,general,0.1765821796875
40,8,0.28103103103103105,0.18048638604194162,general,0.156462765625
41,8,0.26105793293293295,0.16755389255389255,general,0.16650657421875
42,8,0.2703953953953954,0.17300610911722025,general,0.16887321093750002
43,8,0.32263513513513514,0.21215480104368994,general,0.192046484375
44,8,0.3616898148148148,0.23857072745961636,general,0.22935568750000002
45,8,0.3776432682682683,0.2550327772549995,general,0.22612302734374998
46,8,0.300096971971972,0.19664934942712722,general,0.20504692968749996
47,8,0.18496621621621623,0.12529180306958085,general,0.133336359375
0,16,0.11720315631262525,0.07499882382146911,general,0.09756336718750001
1,16,0.12899235971943887,0.07881989142009183,general,0.10360971875
2,16,0.15942823146292584,0.10040587613232903,general,0.11956601171875
3,16,0.2079314879759519,0.12718704419606222,general,0.1588922734375
4,16,0.1972695390781563,0.12364756986500473,general,0.141451921875
5,16,0.1999624248496994,0.1253260405815516,general,0.141179375
6,16,0.3197958416833667,0.21231052403397094,general,0.200434375
7,16,0.4026490480961924,0.27280778951620643,general,0.26985007812499995
8,16,0.2891407815631262,0.18445911970461068,general,0.20002941015625003
9,16,0.27797783066132264,0.17688097918558843,general,0.1845922890625
10,16,0.21505511022044088,0.13395978325838045,general,0.14754371484375
11,16,0.23022607715430862,0.1426968211036347,general,0.16622470703125003
12,16,0.2899549098196393,0.1817887439881428,general,0.22643058984375003
13,16,0.18510458416833667,0.11431668142589986,general,0.1351325859375
14,16,0.27866670841683366,0.1747063418656605,general,0.19840512890624998
15,16,0.31373684869739477,0.20043191889384276,general,0.21771149999999997
16,16,0.2533034819639279,0.15741964559599828,general,0.1555722734375
17,16,0.3280467184368738,0.21086899907040188,general,0.25911934765625
18,16,0.3901709669338677,0.26584298022173775,general,0.223419890625
19,16,0.4789735721442886,0.3364307536151223,general,0.33199116406249995
20,16,0.3378006012024048,0.22150577378533293,general,0.21528480468750003
21,16,0.3002567635270541,0.19343911488200066,general,0.18637201171875
22,16,0.23667647795591182,0.14831900731199332,general,0.15572013671874996
23,16,0.22192823146292584,0.13789499856634127,general,0.15713321875000005
24,16,0.30208855210420843,0.192272026014511,general,0.22863424999999998
25,16,0.19293274048096193,0.11990897935286711,general,0.13592764453125
26,16,0.2811717184368738,0.17753938891213442,general,0.19191378125000003
27,16,0.3056581913827655,0.19599547079507,general,0.20546316015625
28,16,0.2742672845691383,0.17325688673384065,general,0.16364378906250002
29,16,0.3311623246492986,0.21446914530581868,general,0.2529485195312501
30,16,0.4155185370741483,0.2869442598150013,general,0.22830908203125
31,16,0.5037262024048096,0.35940785444793455,general,0.3452886210937501
32,16,0.3481024549098196,0.2293905354276096,general,0.218057046875
33,16,0.31552166833667333,0.20475943840172298,general,0.19041267578124998
34,16,0.23913451903807614,0.15026621396861878,general,0.15461190234375
35,16,0.23204220941883769,0.14412719322538958,general,0.16876623828124998
36,16,0.2909412575150301,0.18444300355623,general,0.21107689453125
37,16,0.19127317134268537,0.1195825216867301,general,0.13151435937500003
38,16,0.3047657815631262,0.19341016921177243,general,0.2272106640625
39,16,0.26950776553106215,0.1707440966960005,general,0.1765821796875
40,16,0.2587988476953908,0.16386131681722862,general,0.156462765625
41,16,0.2388683617234469,0.15193902067649565,general,0.16650657421875
42,16,0.24929546593186372,0.15780424207277916,general,0.16887321093750002
43,16,0.2995678857715431,0.19463218811916208,general,0.192046484375
44,16,0.33800413326653306,0.22029879772865746,general,0.22935568750000002
45,16,0.35796593186372744,0.2386047931138112,general,0.22612302734374998
46,16,0.28467873246492986,0.18474284288412546,general,0.20504692968749996
47,16,0.1731118486973948,0.11652386246574623,general,0.133336359375
0,32,0.1166070532128514,0.07470516709974542,general,0.09756336718750001
1,32,0.12454505522088354,0.07614073788772584,general,0.10360971875
2,32,0.15496360441767068,0.09803109095277769,general,0.11956601171875
3,32,0.20216804718875503,0.1243945395300817,general,0.1588922734375
4,32,0.18971197289156627,0.11905237221502281,general,0.141451921875
5,32,0.18949234437751003,0.11861446786145581,general,0.141179375
6,32,0.29916541164658633,0.1972270283264259,general,0.200434375
7,32,0.38256149598393574,0.2564191080004333,general,0.26985007812499995
8,32,0.27113140060240964,0.17202833144098206,general,0.20002941015625003
9,32,0.2596479668674699,0.1644797499466174,general,0.1845922890625
10,32,0.20423883032128515,0.12739106609588535,general,0.14754371484375
11,32,0.21548694779116465,0.13303188611923553,general,0.16622470703125003
12,32,0.27819088855421686,0.17395438118329687,general,0.22643058984375003
13,32,0.1782285391566265,0.11076148862293439,general,0.1351325859375
14,32,0.26316202309236947,0.16366549280705905,general,0.19840512890624998
15,32,0.2934080070281124,0.18623936304659197,general,0.21771149999999997
16,32,0.2405089106425703,0.14881236289368818,general,0.1555722734375
17,32,0.3161866214859438,0.20274570086317076,general,0.25911934765625
18,32,0.36304593373493976,0.2444777277608603,general,0.223419890625
19,32,0.4548977158634538,0.3149430639641483,general,0.33199116406249995
20,32,0.3122333082329317,0.20210750037557268,general,0.21528480468750003
21,32,0.27459839357429716,0.17541503565599953,general,0.18637201171875
22,32,0.22033446285140562,0.13764107657179947,general,0.15572013671874996
23,32,0.2064351154618474,0.12778852673430988,general,0.15713321875000005
24,32,0.2862387048192771,0.18060839762646994,general,0.22863424999999998
25,32,0.1841898845381526,0.114578201249888,general,0.13592764453125
26,32,0.2615148092369478,0.1638227290335724,general,0.19191378125000003
27,32,0.28324234437751006,0.18030793670853915,general,0.20546316015625
28,32,0.2565104166666667,0.1604345871665149,general,0.16364378906250002
29,32,0.31604543172690763,0.20345937808287207,general,0.2529485195312501
30,32,0.3802553965863454,0.2585921051282497,general,0.22830908203125
31,32,0.4749937248995984,0.3340856293416534,general,0.3452886210937501
32,32,0.3211910140562249,0.20879641331448562,general,0.218057046875
33,32,0.2892821285140562,0.18618101276233806,general,0.19041267578124998
34,32,0.22184048694779115,0.13855994797259857,general,0.15461190234375
35,32,0.21928338353413654,0.13584950859047246,general,0.16876623828124998
36,32,0.2784418925702811,0.1759875164995647,general,0.21107689453125
37,32,0.18414282128514056,0.11574988209024353,general,0.13151435937500003
38,32,0.28790160642570284,0.18110918253990543,general,0.2272106640625
39,32,0.2500941265060241,0.1573855110752701,general,0.1765821796875
40,32,0.2442269076305221,0.15348804196695764,general,0.156462765625
41,32,0.22806852409638553,0.14423539423539422,general,0.16650657421875
42,32,0.23766942771084337,0.15003346162984718,general,0.16887321093750002
43,32,0.2803244226907631,0.1800176535869307,general,0.192046484375
44,32,0.31910454317269077,0.20611538729008608,general,0.22935568750000002
45,32,0.3400633785140562,0.2247793092672611,general,0.22612302734374998
46,32,0.2751631526104418,0.17746993635547853,general,0.20504692968749996
47,32,0.17178087349397592,0.11627476439223428,general,0.133336359375
0,1,0.14198649831228904,0.09581436884849812,math,0.10963232421875
1,1,0.28197274659332416,0.1818437538902597,math,0.1192234921875
2,1,0.3169771221402675,0.20904173683271074,math,0.16319820703125
3,1,0.4134579322415302,0.28073471443892745,math,0.17744910546874998
4,1,0.4031128891111389,0.27612682076990114,math,0.20480494140625002
5,1,0.4666364545568196,0.3299870581280757,math,0.2317310546875
6,1,0.5305506938367296,0.38896238431180297,math,0.29658918749999996
7,1,0.5713526690836355,0.4293489566648711,math,0.29812948828125
8,1,0.41538004750593827,0.28790594051251633,math,0.18495446875
9,1,0.4517439679959995,0.3176314982540761,math,0.20267021875
10,1,0.4140048756094512,0.2853075693180706,math,0.1963621953125
11,1,0.41784910613826726,0.28534719021029814,math,0.18150160546875002
12,1,0.430147518439805,0.2953638185792205,math,0.1884418203125
13,1,0.3763595449431179,0.25162925863013375,math,0.18692232421875
14,1,0.42014626828353546,0.28744827702197373,math,0.21585307421875002
15,1,0.445305663207901,0.3108963267983145,math,0.23519132421875
16,1,0.4106294536817102,0.2790803479139521,math,0.21479117578125
17,1,0.35915426928366045,0.2400037905726117,math,0.17284020312500006
18,1,0.47382485310663836,0.3367184884124501,math,0.2624528281250001
19,1,0.4847637204650581,0.3480116305469474,math,0.2503612890625
20,1,0.3850012501562695,0.2621686463166648,math,0.18361528515625
21,1,0.3825946993374172,0.25981712582537686,math,0.18951590234375
22,1,0.3593417927240905,0.24241181440831397,math,0.19221328125000003
23,1,0.3374328041005126,0.22434627505261337,math,0.15168485156250003
24,1,0.37431241405175647,0.2524343653734828,math,0.182338375
25,1,0.34863732966620825,0.23224127347142726,math,0.18700409375000004
26,1,0.37882860357544695,0.2571991467853451,math,0.18858323828125
27,1,0.41506750843855483,0.28888574996838534,math,0.226527828125
28,1,0.3963151643955494,0.27007709408009445,math,0.20665287109375002
29,1,0.3401831478934867,0.22645054519038768,math,0.16582109374999998
30,1,0.4811851481435179,0.3459428876606023,math,0.23272531249999998
31,1,0.4821852731591449,0.3484873116077017,math,0.233424078125
32,1,0.4161457682210276,0.28858809926443385,math,0.18280411718749995
33,1,0.40139392424053005,0.27754399758400256,math,0.174886359375
34,1,0.36734279284910615,0.24859423889302623,math,0.18296942187499998
35,1,0.34924678084760596,0.23311330222194082,math,0.15023331640625
36,1,0.3858294786848356,0.2618939727328276,math,0.1822236953125
37,1,0.3489498687335917,0.2325678793987333,math,0.17396728515625
38,1,0.4355544443055382,0.3034280189674614,math,0.22197775781249998
39,1,0.42789723715464434,0.29943910598992485,math,0.22292873828125
40,1,0.4245999499937492,0.29257235520518426,math,0.21782826171875003
41,1,0.36084198024753095,0.2454080985897463,math,0.17550335546875
42,1,0.382579072384048,0.2604268146460921,math,0.201738125
43,1,0.4095043130391299,0.281364036083376,math,0.19349933203125
44,1,0.42972559069883737,0.2983639910255737,math,0.20893080859375002
45,1,0.3787973496687086,0.25598050183623383,math,0.17227871093750002
46,1,0.3350887610951369,0.2223407490815917,math,0.1658976171875
47,1,0.24148331041380172,0.16004310451116302,math,0.14520195703125002
0,2,0.12904788697174294,0.08764127428793596,math,0.10963232421875
1,2,0.18182670667666917,0.11421160595954295,math,0.1192234921875
2,2,0.23874718679669918,0.15318578506875583,math,0.16319820703125
3,2,0.2949643660915229,0.18863619778848587,math,0.17744910546874998
4,2,0.31234371092773194,0.2024553701973057,math,0.20480494140625002
5,2,0.37559389847461866,0.25315454460240655,math,0.2317310546875
6,2,0.4635690172543136,0.3271101908011135,math,0.29658918749999996
7,2,0.5067204301075269,0.36684317877116074,math,0.29812948828125
8,2,0.33530257564391097,0.22235546676656956,math,0.18495446875
9,2,0.36116841710427605,0.241910033507933,math,0.20267021875
10,2,0.3204863715928982,0.20866873395005428,math,0.1963621953125
11,2,0.326487871967992,0.21116063231592117,math,0.18150160546875002
12,2,0.34521130282570645,0.22573964336905072,math,0.1884418203125
13,2,0.29649599899974993,0.19076636736051591,math,0.18692232421875
14,2,0.3513222055513878,0.23045070291882,math,0.21585307421875002
15,2,0.3768754688672168,0.2524837974950503,math,0.23519132421875
16,2,0.3484464866216554,0.228389467774314,math,0.21479117578125
17,2,0.27875718929732435,0.1801077947364519,math,0.17284020312500006
18,2,0.41766691672918227,0.28733527315672847,math,0.2624528281250001
19,2,0.432889472368092,0.3029045611941336,math,0.2503612890625
20,2,0.3211115278819705,0.21190105496182013,math,0.18361528515625
21,2,0.3158289572393098,0.2068617331933161,math,0.18951590234375
22,2,0.2935421355338835,0.19059511520126676,math,0.19221328125000003
23,2,0.2653788447111778,0.16943589044114177,math,0.15168485156250003
24,2,0.3115153788447112,0.20227102230102983,math,0.182338375
25,2,0.2835396349087272,0.18236709527032108,math,0.18700409375000004
26,2,0.31607901975493874,0.20674516503473744,math,0.18858323828125
27,2,0.35177544386096526,0.23520972373185428,math,0.226527828125
28,2,0.3320361340335084,0.21790288564482113,math,0.20665287109375002
29,2,0.26601962990747685,0.17150960511800722,math,0.16582109374999998
30,2,0.4176825456364091,0.28979693863414796,math,0.23272531249999998
31,2,0.42591897974493625,0.29855498895258836,math,0.233424078125
32,2,0.34344523630907725,0.22952693440315347,math,0.18280411718749995
33,2,0.32365903975994,0.21413011705584853,math,0.174886359375
34,2,0.29390160040010005,0.191732676203794,math,0.18296942187499998
35,2,0.2719742435608902,0.17450182003820414,math,0.15023331640625
36,2,0.307404976244061,0.20019402675066594,math,0.1822236953125
37,2,0.27653788447111777,0.18059570947793005,math,0.17396728515625
38,2,0.3643410852713178,0.2447066645116158,math,0.22197775781249998
39,2,0.35740185046261563,0.24006736504861037,math,0.22292873828125
40,2,0.3572768192048012,0.23808989210339548,math,0.21782826171875003
41,2,0.2880720180045011,0.19089247836434636,math,0.17550335546875
42,2,0.31781382845711426,0.20932874743827481,math,0.201738125
43,2,0.34993123280820204,0.23313332495628072,math,0.19349933203125
44,2,0.35974618654663665,0.2417605899976493,math,0.20893080859375002
45,2,0.32278382095523883,0.21264730101939405,math,0.17227871093750002
46,2,0.28121092773193296,0.18230024816671478,math,0.1658976171875
47,2,0.20233183295823956,0.13426715819814095,math,0.14520195703125002
0,4,0.1520447723861931,0.11008582879518347,math,0.10963232421875
1,4,0.16939719859929964,0.10906605483894129,math,0.1192234921875
2,4,0.23150637818909456,0.15442312675929484,math,0.16319820703125
3,4,0.24895260130065033,0.1582761549494916,math,0.17744910546874998
4,4,0.29355302651325665,0.19051488781353718,math,0.20480494140625002
5,4,0.33594922461230614,0.22443146315082285,math,0.2317310546875
6,4,0.43760942971485745,0.3027971500457744,math,0.29658918749999996
7,4,0.47770760380190097,0.34009551673383587,math,0.29812948828125
8,4,0.30776325662831416,0.2012688578721595,math,0.18495446875
9,4,0.3299149574787394,0.21559711479671465,math,0.20267021875
10,4,0.28415770385192596,0.18113171915072868,math,0.1963621953125
11,4,0.28753439219609805,0.1819642199832295,math,0.18150160546875002
12,4,0.30626250625312657,0.19552574600098363,math,0.1884418203125
13,4,0.2683685592796398,0.17101495580735201,math,0.18692232421875
14,4,0.3175181340670335,0.20370574620199433,math,0.21585307421875002
15,4,0.34959667333666833,0.2289183719398827,math,0.23519132421875
16,4,0.3209417208604302,0.20703661298958947,math,0.21479117578125
17,4,0.2584417208604302,0.16562412075168453,math,0.17284020312500006
18,4,0.3998249124562281,0.2707166103864453,math,0.2624528281250001
19,4,0.4130033766883442,0.2843916630309827,math,0.2503612890625
20,4,0.30493371685842924,0.198187988433111,math,0.18361528515625
21,4,0.2893009004502251,0.1862000347493094,math,0.18951590234375
22,4,0.27720110055027514,0.1777312093720298,math,0.19221328125000003
23,4,0.23816595797898948,0.1499464156542696,math,0.15168485156250003
24,4,0.2844390945472736,0.1810932022787951,math,0.182338375
25,4,0.26542958979489745,0.16932266499550142,math,0.18700409375000004
26,4,0.28215670335167586,0.179577728702291,math,0.18858323828125
27,4,0.32646010505252626,0.21265668909490823,math,0.226527828125
28,4,0.3044490995497749,0.19604212695758472,math,0.20665287109375002
29,4,0.24244934967483742,0.15478678400139131,math,0.16582109374999998
30,4,0.3906484492246123,0.26539182011918383,math,0.23272531249999998
31,4,0.3955727863931966,0.2711152362728151,math,0.233424078125
32,4,0.3158454227113557,0.20647163686183198,math,0.18280411718749995
33,4,0.2914894947473737,0.18734475462839648,math,0.174886359375
34,4,0.26510130065032517,0.16962544431278798,math,0.18296942187499998
35,4,0.24360617808904453,0.1539639644442046,math,0.15023331640625
36,4,0.2758723111555778,0.17523517003256875,math,0.1822236953125
37,4,0.2466233116558279,0.15836721224415073,math,0.17396728515625
38,4,0.3227863931965983,0.2102882249205411,math,0.22197775781249998
39,4,0.32453726863431714,0.21340387420927695,math,0.22292873828125
40,4,0.3200193846923462,0.20928330187960004,math,0.21782826171875003
41,4,0.2539238369184592,0.16726111418457593,math,0.17550335546875
42,4,0.2934748624312156,0.190685272151005,math,0.201738125
43,4,0.31414144572286146,0.2062303185114591,math,0.19349933203125
44,4,0.32714794897448723,0.21746449037594612,math,0.20893080859375002
45,4,0.3061530765382691,0.20061305766658444,math,0.17227871093750002
46,4,0.26356928464232116,0.1696939628655487,math,0.1658976171875
47,4,0.20977676338169085,0.14173420654161026,math,0.14520195703125002
0,8,0.14461336336336336,0.10562812507256952,math,0.10963232421875
1,8,0.1591747997997998,0.10280279169168058,math,0.1192234921875
2,8,0.21649774774774774,0.1454341204341204,math,0.16319820703125
3,8,0.2310591841841842,0.14712701379368046,math,0.17744910546874998
4,8,0.2670013763763764,0.1717712773268329,math,0.20480494140625002
5,8,0.30497685185185186,0.20206122706122706,math,0.2317310546875
6,8,0.4048267017017017,0.2765117126228237,math,0.29658918749999996
7,8,0.44747872872872874,0.3153213792102681,math,0.29812948828125
8,8,0.28617680180180183,0.18614409169964724,math,0.18495446875
9,8,0.29690628128128127,0.19309365420476532,math,0.20267021875
10,8,0.2553178178178178,0.16071152737819405,math,0.1963621953125
11,8,0.25416041041041043,0.15911960634182856,math,0.18150160546875002
12,8,0.26967592592592593,0.1698991282324616,math,0.1884418203125
13,8,0.23970845845845845,0.15183616850283518,math,0.18692232421875
14,8,0.2909941191191191,0.18587564143119703,math,0.21585307421875002
15,8,0.3220095095095095,0.2095572012238679,math,0.23519132421875
16,8,0.2921828078078078,0.1869176563621008,math,0.21479117578125
17,8,0.24207019519519518,0.15520060797838578,math,0.17284020312500006
18,8,0.37348285785785784,0.2508274869385981,math,0.2624528281250001
19,8,0.38518205705705705,0.26250148750148755,math,0.2503612890625
20,8,0.27954517017017017,0.18074217240883908,math,0.18361528515625
21,8,0.26549987487487486,0.1698025198025198,math,0.18951590234375
22,8,0.2532688938938939,0.16091433313655537,math,0.19221328125000003
23,8,0.21726413913913914,0.13591595258261926,math,0.15168485156250003
24,8,0.25722597597597596,0.16191179524512858,math,0.182338375
25,8,0.24059997497497498,0.15269628047405825,math,0.18700409375000004
26,8,0.2595564314314314,0.16494148994148997,math,0.18858323828125
27,8,0.3035691941941942,0.19751149473371699,math,0.226527828125
28,8,0.2798267017017017,0.17964227408671854,math,0.20665287109375002
29,8,0.2296828078078078,0.14679458012791344,math,0.16582109374999998
30,8,0.35613738738738737,0.23894862783751675,math,0.23272531249999998
31,8,0.3612675175175175,0.24421987755321092,math,0.233424078125
32,8,0.2853791291291291,0.18455540955540956,math,0.18280411718749995
33,8,0.25609984984984985,0.16294021016243238,math,0.174886359375
34,8,0.2430711961961962,0.15413785969341529,math,0.18296942187499998
35,8,0.2201732982982983,0.13796505740950185,math,0.15023331640625
36,8,0.2494212962962963,0.1571500349278127,math,0.1822236953125
37,8,0.22735235235235235,0.14574641241307904,math,0.17396728515625
38,8,0.2953891391391391,0.19267401489623712,math,0.22197775781249998
39,8,0.3028966466466467,0.19898761009872123,math,0.22292873828125
40,8,0.2974537037037037,0.19387714665492445,math,0.21782826171875003
41,8,0.23476601601601602,0.15464168797502129,math,0.17550335546875
42,8,0.2652652652652653,0.17044188155299267,math,0.201738125
43,8,0.28734984984984985,0.1874045012933902,math,0.19349933203125
44,8,0.29684371871871873,0.19616735450068784,math,0.20893080859375002
45,8,0.27616679179179177,0.1800980689869579,math,0.17227871093750002
46,8,0.24120995995995995,0.15563963341741122,math,0.1658976171875
47,8,0.1889545795795796,0.1277571749793972,math,0.14520195703125002
0,16,0.11629509018036072,0.08188206249328493,math,0.10963232421875
1,16,0.13155999498997997,0.08273743346388637,math,0.1192234921875
2,16,0.18277179358717435,0.11891276725946064,math,0.16319820703125
3,16,0.2009800851703407,0.12543630662368138,math,0.17744910546874998
4,16,0.2325745240480962,0.14668621013811395,math,0.20480494140625002
5,16,0.26618862725450904,0.1707700226738303,math,0.2317310546875
6,16,0.37014654308617234,0.24858386158486356,math,0.29658918749999996
7,16,0.4105867985971944,0.28353312241087797,math,0.29812948828125
8,16,0.24722883266533066,0.1569710377576109,math,0.18495446875
9,16,0.256685245490982,0.16298798340381507,math,0.20267021875
10,16,0.22670340681362725,0.1406827446657106,math,0.1963621953125
11,16,0.21826465430861725,0.13429140999281278,math,0.18150160546875002
12,16,0.22945891783567135,0.14192884603706246,math,0.1884418203125
13,16,0.21029559118236474,0.1309261685764692,math,0.18692232421875
14,16,0.2571549348697395,0.1608390857639355,math,0.21585307421875002
15,16,0.28942259519038077,0.18526949002900908,math,0.23519132421875
16,16,0.2587675350701403,0.1626563149609242,math,0.21479117578125
17,16,0.2097006513026052,0.1313984974055114,math,0.17284020312500006
18,16,0.34198083667334667,0.2252594711011545,math,0.2624528281250001
19,16,0.35046655811623245,0.23463010214012223,math,0.2503612890625
20,16,0.24788639779559118,0.15735991074167427,math,0.18361528515625
21,16,0.23327905811623245,0.14719832883660539,math,0.18951590234375
22,16,0.22887963426853708,0.143530025418803,math,0.19221328125000003
23,16,0.1896762274549098,0.11710716081958565,math,0.15168485156250003
24,16,0.2233059869739479,0.13857132902724087,math,0.182338375
25,16,0.21070265531062124,0.13162354512554914,math,0.18700409375000004
26,16,0.2295685120240481,0.14342965540360333,math,0.18858323828125
27,16,0.2720127755511022,0.17432439248571513,math,0.226527828125
28,16,0.24635207915831664,0.15465164706146672,math,0.20665287109375002
29,16,0.2025926853707415,0.12693025355851006,math,0.16582109374999998
30,16,0.3165549849699399,0.20787038890746307,math,0.23272531249999998
31,16,0.32125187875751504,0.21326678498522186,math,0.233424078125
32,16,0.25100200400801603,0.15975642593879066,math,0.18280411718749995
33,16,0.2198302855711423,0.13778692638913081,math,0.174886359375
34,16,0.21377129258517033,0.13336214831705817,math,0.18296942187499998
35,16,0.18828281563126253,0.11613049330985202,math,0.15023331640625
36,16,0.21851515531062124,0.1358173639987267,math,0.1822236953125
37,16,0.1938564629258517,0.12157849387308305,math,0.17396728515625
38,16,0.25804734468937873,0.16558340067859106,math,0.22197775781249998
39,16,0.26611034569138275,0.17193124733204893,math,0.22292873828125
40,16,0.26185182865731466,0.16728194706651622,math,0.21782826171875003
41,16,0.2015437124248497,0.13036229802261867,math,0.17550335546875
42,16,0.23002254509018036,0.14425678974777173,math,0.201738125
43,16,0.25521355210420843,0.16387536978719344,math,0.19349933203125
44,16,0.25341307615230463,0.16482200164564895,math,0.20893080859375002
45,16,0.23658254008016033,0.15158098970724224,math,0.17227871093750002
46,16,0.2041426603206413,0.12948436555650983,math,0.1658976171875
47,16,0.15754947394789579,0.10413330546096077,math,0.14520195703125002
0,32,0.12561182228915663,0.08979257857269907,math,0.10963232421875
1,32,0.14338604417670683,0.0917173466872262,math,0.1192234921875
2,32,0.19261420682730923,0.12725613297902455,math,0.16319820703125
3,32,0.2140593624497992,0.13578868977965364,math,0.17744910546874998
4,32,0.23883032128514056,0.15191478256237292,math,0.20480494140625002
5,32,0.2763083584337349,0.17960184616811126,math,0.2317310546875
6,32,0.36226154618473894,0.24220543791326923,math,0.29658918749999996
7,32,0.4011985441767068,0.27633302106193675,math,0.29812948828125
8,32,0.2415913654618474,0.15325081544961064,math,0.18495446875
9,32,0.24868222891566266,0.1584074922177332,math,0.20267021875
10,32,0.22367595381526104,0.1399733382414105,math,0.1963621953125
11,32,0.21219252008032127,0.1317249238935986,math,0.18150160546875002
12,32,0.22309550702811246,0.13817811204859395,math,0.1884418203125
13,32,0.20960404116465864,0.13171841266720785,math,0.18692232421875
14,32,0.25632216365461846,0.16054828705431115,math,0.21585307421875002
15,32,0.27894390060240964,0.17789942097171013,math,0.23519132421875
16,32,0.2559770331325301,0.16132961471816895,math,0.21479117578125
17,32,0.20292105923694778,0.12792793997613275,math,0.17284020312500006
18,32,0.32428150100401604,0.21212057687961305,math,0.2624528281250001
19,32,0.3360473142570281,0.22474378867451159,math,0.2503612890625
20,32,0.22728413654618473,0.14402922490271888,math,0.18361528515625
21,32,0.22262487449799198,0.14059172364895256,math,0.18951590234375
22,32,0.21103162650602408,0.13208788088306161,math,0.19221328125000003
23,32,0.17551455823293172,0.10822131070625046,math,0.15168485156250003
24,32,0.20935303714859438,0.129243374875905,math,0.182338375
25,32,0.20544678714859438,0.12884996529574844,math,0.18700409375000004
26,32,0.22173067269076305,0.138276543848833,math,0.18858323828125
27,32,0.25931852409638556,0.16473368498970908,math,0.226527828125
28,32,0.24119917168674698,0.15226219006339486,math,0.20665287109375002
29,32,0.18933546686746988,0.11938238301190107,math,0.16582109374999998
30,32,0.2979417670682731,0.1938296754561815,math,0.23272531249999998
31,32,0.3127196285140562,0.20618515799238693,math,0.233424078125
32,32,0.2313629518072289,0.1465031983857285,math,0.18280411718749995
33,32,0.21266315261044177,0.13360181485181485,math,0.174886359375
34,32,0.2030151857429719,0.12692557609726285,math,0.18296942187499998
35,32,0.17338102409638553,0.1072239061696893,math,0.15023331640625
36,32,0.20982366967871485,0.12977371802673007,math,0.1822236953125
37,32,0.19330446787148595,0.12239635643250102,math,0.17396728515625
38,32,0.25919302208835343,0.16625861030981512,math,0.22197775781249998
39,32,0.26159324799196787,0.1687331995313923,math,0.22292873828125
40,32,0.26120105421686746,0.16803855727048497,math,0.21782826171875003
41,32,0.20510165662650603,0.13370647926370818,math,0.17550335546875
42,32,0.2342651857429719,0.14829606471172738,math,0.201738125
43,32,0.2523374748995984,0.1623319507355652,math,0.19349933203125
44,32,0.25751443273092367,0.16798337483578446,math,0.20893080859375002
45,32,0.23674385040160642,0.15177939808963906,math,0.17227871093750002
46,32,0.2095726656626506,0.13372973523575932,math,0.1658976171875
47,32,0.16701179718875503,0.11194234424656112,math,0.14520195703125002
0,1,0.12773471683960494,0.07924354680199161,medical,0.11369777734375
1,1,0.25532879109888734,0.16092263780724841,medical,0.1228588203125
2,1,0.29247405925740716,0.1908762626852388,medical,0.17124859374999998
3,1,0.4096918364795599,0.2792970721961846,medical,0.19378416015624997
4,1,0.41244218027253404,0.28221602958445063,medical,0.20177148046875
5,1,0.4669958744843105,0.33034467858820904,medical,0.24609160156249998
6,1,0.5642111513939242,0.4238111043711743,medical,0.3346698984375
7,1,0.5497562195274409,0.4120179025042133,medical,0.21721018750000004
8,1,0.4797474684335542,0.34074738030232465,medical,0.1877211640625
9,1,0.5182679084885611,0.37502182222772285,medical,0.22875505859375
10,1,0.46140142517814725,0.3266223462748028,medical,0.17870040234375
11,1,0.4285691961495187,0.2954392165043497,medical,0.17628680078125
12,1,0.4710120015001875,0.3331090434478358,medical,0.20652541015625
13,1,0.3875171896487061,0.26177407762605914,medical,0.17807250390625004
14,1,0.5258626078259783,0.3779425058834985,medical,0.2863607343749999
15,1,0.536895236904613,0.3895806323109735,medical,0.26257624999999996
16,1,0.5171896487060883,0.36589802385526843,medical,0.26777672656250007
17,1,0.42616264533066633,0.2925009898631601,medical,0.19327429687500003
18,1,0.5872765345668208,0.4442390630164101,medical,0.32129780078125003
19,1,0.5665395674459307,0.4288345594758896,medical,0.22977440234375
20,1,0.47921615201900236,0.3411104709767042,medical,0.19727725390625
21,1,0.49846855856982125,0.3583044950215846,medical,0.22601608203125
22,1,0.4499468683585448,0.3158828586507046,medical,0.20961051953125
23,1,0.4004875609451181,0.27483396574532964,medical,0.17713646093750002
24,1,0.4564633079134892,0.32067201318357713,medical,0.2180402265625
25,1,0.37810976372046506,0.25310552541456405,medical,0.192302515625
26,1,0.49081135141892734,0.34797769634624237,medical,0.27661744921875003
27,1,0.5035473184148018,0.36121730223492937,medical,0.25194809375
28,1,0.47144955619452433,0.3302269093993059,medical,0.24394318359375
29,1,0.4115045630703838,0.2813880622856745,medical,0.1911641015625
30,1,0.5924646830853857,0.4519016703039705,medical,0.30847553125
31,1,0.5924803100387549,0.45641961766477324,medical,0.23880640625000002
32,1,0.4970465058132267,0.35727560628173205,medical,0.18264736328125
33,1,0.5146424553069133,0.3731336657952484,medical,0.23273203906249998
34,1,0.45794786848356045,0.3221497814321917,medical,0.22078906640624998
35,1,0.3816570821352669,0.2594157686294204,medical,0.16225986328125
36,1,0.45761970246280786,0.32266705110810623,medical,0.23854561328124996
37,1,0.3718433554194274,0.24973830742051772,medical,0.21035385546875002
38,1,0.5151425178147269,0.36694218811983526,medical,0.33277290234375
39,1,0.4933897987248406,0.3512153110602917,medical,0.2557465
40,1,0.48018502312789096,0.33724155024317537,medical,0.27802924609375
41,1,0.39967495936992126,0.2732835832473287,medical,0.20790951171875002
42,1,0.394174271783973,0.26895677977063154,medical,0.21497102343750005
43,1,0.5264408051006376,0.3828181347621277,medical,0.3171197929687501
44,1,0.5318633579197399,0.38500076689850404,medical,0.26960077734375004
45,1,0.5499749968746094,0.40613728619729367,medical,0.3197595703125
46,1,0.48815476934616825,0.3556288636423653,medical,0.28009537890625
47,1,0.28978622327790976,0.20159779657216836,medical,0.2162317734375
0,2,0.14028507126781695,0.08966832950328825,medical,0.11369777734375
1,2,0.17423105776444112,0.10642724228620701,medical,0.1228588203125
2,2,0.2457801950487622,0.15625755145635115,medical,0.17124859374999998
3,2,0.302716304076019,0.193118151332705,medical,0.19378416015624997
4,2,0.34242935733933483,0.2236101927024658,medical,0.20177148046875
5,2,0.39420792698174545,0.2648660222553696,medical,0.24609160156249998
6,2,0.5175200050012503,0.3763445523385508,medical,0.3346698984375
7,2,0.48684046011502874,0.3516325107472894,medical,0.21721018750000004
8,2,0.4038353338334584,0.2747155403569507,medical,0.1877211640625
9,2,0.4363122030507627,0.2991509227068117,medical,0.22875505859375
10,2,0.3800637659414854,0.2554143308831981,medical,0.17870040234375
11,2,0.3464772443110778,0.2274309003491299,medical,0.17628680078125
12,2,0.3908945986496624,0.2625688223587699,medical,0.20652541015625
13,2,0.30452925731432856,0.1974539561186223,medical,0.17807250390625004
14,2,0.471539759939985,0.32701501771269215,medical,0.2863607343749999
15,2,0.471539759939985,0.3274542134257063,medical,0.26257624999999996
16,2,0.46816391597899476,0.3215257083224075,medical,0.26777672656250007
17,2,0.36390347586896726,0.24043126166156928,medical,0.19327429687500003
18,2,0.5391035258814704,0.3962894902879899,medical,0.32129780078125003
19,2,0.5103932233058265,0.37495672064314217,medical,0.22977440234375
20,2,0.4223399599899975,0.2918775065061636,medical,0.19727725390625
21,2,0.4314984996249062,0.2978681344772868,medical,0.22601608203125
22,2,0.3847211802950738,0.25840548826295257,medical,0.20961051953125
23,2,0.3320048762190548,0.2179660938100548,medical,0.17713646093750002
24,2,0.3915197549387347,0.2636038407981394,medical,0.2180402265625
25,2,0.31682920730182546,0.20540359310051734,medical,0.192302515625
26,2,0.44117279319829955,0.3035555009298445,medical,0.27661744921875003
27,2,0.44325143785946486,0.30586489168634706,medical,0.25194809375
28,2,0.42198049512378094,0.2867379543298523,medical,0.24394318359375
29,2,0.35258814703675917,0.23333309184772053,medical,0.1911641015625
30,2,0.5377125531382846,0.39655216001802646,medical,0.30847553125
31,2,0.5348055763940985,0.39964763640682616,medical,0.23880640625000002
32,2,0.42527819454863713,0.2938203498593596,medical,0.18264736328125
33,2,0.4428294573643411,0.3069544608929455,medical,0.23273203906249998
34,2,0.38656539134783696,0.2599357159747257,medical,0.22078906640624998
35,2,0.30767066766691675,0.20003429095702166,medical,0.16225986328125
36,2,0.3875187546886722,0.2608150650161153,medical,0.23854561328124996
37,2,0.3111559139784946,0.20250254038701151,medical,0.21035385546875002
38,2,0.46821080270067517,0.3244354128825247,medical,0.33277290234375
39,2,0.42993560890222554,0.2930696071731331,medical,0.2557465
40,2,0.4330926481620405,0.29622359802404813,medical,0.27802924609375
41,2,0.341772943235809,0.2265696793828827,medical,0.20790951171875002
42,2,0.34036634158539636,0.22570980462953458,medical,0.21497102343750005
43,2,0.48097961990497623,0.33935511849990474,medical,0.3171197929687501
44,2,0.47680670167541883,0.33330091319588695,medical,0.26960077734375004
45,2,0.5013440860215054,0.3597713308891103,medical,0.3197595703125
46,2,0.439844336084021,0.3118107809780728,medical,0.28009537890625
47,2,0.260346336584146,0.1805948767689203,medical,0.2162317734375
0,4,0.13351988494247125,0.08496893301795752,medical,0.11369777734375
1,4,0.1569691095547774,0.09620710010905109,medical,0.1228588203125
2,4,0.2275512756378189,0.14321741012586436,medical,0.17124859374999998
3,4,0.25906703351675836,0.16111582264658805,medical,0.19378416015624997
4,4,0.3065438969484742,0.19637612123855247,medical,0.20177148046875
5,4,0.35419272136068036,0.23130471329570879,medical,0.24609160156249998
6,4,0.49030765382691344,0.3499133266266833,medical,0.3346698984375
7,4,0.4386099299649825,0.3079301583303584,medical,0.21721018750000004
8,4,0.35650637818909453,0.23449180467689723,medical,0.1877211640625
9,4,0.3878970735367684,0.2577779288134466,medical,0.22875505859375
10,4,0.3322755127563782,0.21569216454158927,medical,0.17870040234375
11,4,0.3024012006003001,0.19264401320429336,medical,0.17628680078125
12,4,0.3399668584292146,0.220642602908736,medical,0.20652541015625
13,4,0.2750750375187594,0.1757682093349927,medical,0.17807250390625004
14,4,0.43800025012506255,0.29689811050491394,medical,0.2863607343749999
15,4,0.43345110055027514,0.2934103220996667,medical,0.26257624999999996
16,4,0.4383129064532266,0.29578840924513766,medical,0.26777672656250007
17,4,0.33583979489744875,0.21731077548986502,medical,0.19327429687500003
18,4,0.5141320660330165,0.3717864371191034,medical,0.32129780078125003
19,4,0.4721892196098049,0.3392887391636766,medical,0.22977440234375
20,4,0.38503626813406705,0.2593805005510859,medical,0.19727725390625
21,4,0.39418146573286644,0.26490024066312207,medical,0.22601608203125
22,4,0.3463606803401701,0.22706302368633538,medical,0.20961051953125
23,4,0.3003376688344172,0.1928817139172317,medical,0.17713646093750002
24,4,0.3559435967983992,0.2336718253676733,medical,0.2180402265625
25,4,0.29560092546273137,0.18958092099662885,medical,0.192302515625
26,4,0.41248749374687343,0.27825734934289215,medical,0.27661744921875003
27,4,0.4082978989494747,0.27539365198194615,medical,0.25194809375
28,4,0.39490057528764383,0.2639295199825465,medical,0.24394318359375
29,4,0.3173305402701351,0.20528601796735865,medical,0.1911641015625
30,4,0.5023918209104552,0.36235304076724784,medical,0.30847553125
31,4,0.4854145822911456,0.3516927405871878,medical,0.23880640625000002
32,4,0.37696973486743374,0.2525647105937251,medical,0.18264736328125
33,4,0.3997780140070035,0.2693101656833523,medical,0.23273203906249998
34,4,0.34817408704352176,0.2285645792149044,medical,0.22078906640624998
35,4,0.2732616308154077,0.17402898918656798,medical,0.16225986328125
36,4,0.35283266633316657,0.23199652051578018,medical,0.23854561328124996
37,4,0.29222423711855927,0.1891686547014211,medical,0.21035385546875002
38,4,0.4402670085042521,0.29922478444239325,medical,0.33277290234375
39,4,0.39572911455727866,0.2648616377230684,medical,0.2557465
40,4,0.4062968984492246,0.2733731417823464,medical,0.27802924609375
41,4,0.32114494747373684,0.21035989190066232,medical,0.20790951171875002
42,4,0.3325256378189095,0.2188699883297182,medical,0.21497102343750005
43,4,0.45822911455727866,0.3188708656692648,medical,0.3171197929687501
44,4,0.44455040020010006,0.3052144564900943,medical,0.26960077734375004
45,4,0.4759879939969985,0.33721944222194344,medical,0.3197595703125
46,4,0.41834979989994997,0.29335539398070665,medical,0.28009537890625
47,4,0.26396010505252626,0.18548698258553184,medical,0.2162317734375
0,8,0.1349630880880881,0.08655553933331711,medical,0.11369777734375
1,8,0.14727227227227227,0.08960764238542017,medical,0.1228588203125
2,8,0.21645082582582584,0.13561636339414118,medical,0.17124859374999998
3,8,0.23928616116116116,0.14720086942309166,medical,0.19378416015624997
4,8,0.28566066066066065,0.1803256081033859,medical,0.20177148046875
5,8,0.3327859109109109,0.21408736408736412,medical,0.24609160156249998
6,8,0.46646646646646645,0.32753511920178585,medical,0.3346698984375
7,8,0.40102602602602605,0.2755943505943506,medical,0.21721018750000004
8,8,0.32049236736736736,0.20705887928110153,medical,0.1877211640625
9,8,0.35066316316316315,0.22794019738464183,medical,0.22875505859375
10,8,0.2907438688688689,0.18467565412009856,medical,0.17870040234375
11,8,0.2667980480480481,0.1668179918179918,medical,0.17628680078125
12,8,0.3014577077077077,0.19094404094404094,medical,0.20652541015625
13,8,0.24973410910910912,0.15761310761310762,medical,0.17807250390625004
14,8,0.41050425425425424,0.27337831226720116,medical,0.2863607343749999
15,8,0.3892799049049049,0.25724485724485724,medical,0.26257624999999996
16,8,0.40637512512512514,0.26866903255792146,medical,0.26777672656250007
17,8,0.3047422422422422,0.19361510472621585,medical,0.19327429687500003
18,8,0.4826858108108108,0.3422485950263727,medical,0.32129780078125003
19,8,0.43008633633633636,0.30193635749191305,medical,0.22977440234375
20,8,0.34877064564564564,0.22976618532174092,medical,0.19727725390625
21,8,0.3552927927927928,0.23357075301519747,medical,0.22601608203125
22,8,0.31021646646646645,0.19844732344732346,medical,0.20961051953125
23,8,0.2662037037037037,0.16674397785508896,medical,0.17713646093750002
24,8,0.31911599099099097,0.20488859377748267,medical,0.2180402265625
25,8,0.2669700950950951,0.1686150325039214,medical,0.192302515625
26,8,0.3845407907907908,0.25433560989116544,medical,0.27661744921875003
27,8,0.3688375875875876,0.2424444480000036,medical,0.25194809375
28,8,0.363206956956957,0.2384015634015634,medical,0.24394318359375
29,8,0.2877877877877878,0.18339352506019174,medical,0.1911641015625
30,8,0.4657313563563564,0.3284050506272728,medical,0.30847553125
31,8,0.44017454954954954,0.31047460769682994,medical,0.23880640625000002
32,8,0.3362112112112112,0.21941763052874166,medical,0.18264736328125
33,8,0.36134572072072074,0.2381252464585798,medical,0.23273203906249998
34,8,0.30858983983983984,0.19733772233772234,medical,0.22078906640624998
35,8,0.240990990990991,0.15044863655974766,medical,0.16225986328125
36,8,0.3202577577577578,0.2057971807971808,medical,0.23854561328124996
37,8,0.2704735985985986,0.172447800225578,medical,0.21035385546875002
38,8,0.4164007757757758,0.2783578894690006,medical,0.33277290234375
39,8,0.3608608608608609,0.23606969995858887,medical,0.2557465
40,8,0.3770802052052052,0.249525596747819,medical,0.27802924609375
41,8,0.2957645145145145,0.19066394344172122,medical,0.20790951171875002
42,8,0.3080580580580581,0.19977774422218866,medical,0.21497102343750005
43,8,0.4324637137137137,0.29617001561446005,medical,0.3171197929687501
44,8,0.4137575075075075,0.27966281021836575,medical,0.26960077734375004
45,8,0.44744744744744747,0.31144332810999475,medical,0.3197595703125
46,8,0.3927208458458458,0.27075298464187353,medical,0.28009537890625
47,8,0.2531594094094094,0.1769558547336325,medical,0.2162317734375
0,16,0.13696142284569138,0.0890745527018072,medical,0.11369777734375
1,16,0.1498309118236473,0.09216070613866205,medical,0.1228588203125
2,16,0.21456976452905813,0.13448005735079882,medical,0.17124859374999998
3,16,0.23656688376753507,0.1460619846641891,medical,0.19378416015624997
4,16,0.2794495240480962,0.17623915830328654,medical,0.20177148046875
5,16,0.31766658316633267,0.2028682934745059,medical,0.24609160156249998
6,16,0.45226390280561124,0.3150580270319749,medical,0.3346698984375
7,16,0.37355961923847697,0.2525557191639356,medical,0.21721018750000004
8,16,0.30020979458917835,0.19184436972513125,medical,0.1877211640625
9,16,0.33266533066132264,0.21509320394590936,medical,0.22875505859375
10,16,0.27354709418837675,0.17217666824380254,medical,0.17870040234375
11,16,0.2542741733466934,0.1581666440884878,medical,0.17628680078125
12,16,0.2831287575150301,0.17778703427501025,medical,0.20652541015625
13,16,0.24121680861723446,0.15183554199085258,medical,0.17807250390625004
14,16,0.3930204158316633,0.2597976811654167,medical,0.2863607343749999
15,16,0.3644789579158317,0.2375192109160045,medical,0.26257624999999996
16,16,0.3858498246492986,0.2526405764131215,medical,0.26777672656250007
17,16,0.28870240480961923,0.18244113379383922,medical,0.19327429687500003
18,16,0.4645541082164329,0.32590817387911575,medical,0.32129780078125003
19,16,0.4001127254509018,0.2760083019852559,medical,0.22977440234375
20,16,0.3251972695390782,0.21138899510643,medical,0.19727725390625
21,16,0.33629759519038077,0.21914285336129025,medical,0.22601608203125
22,16,0.29546593186372744,0.18782103000539874,medical,0.20961051953125
23,16,0.25283379258517036,0.15749225724175625,medical,0.17713646093750002
24,16,0.2982997244488978,0.18932734766903103,medical,0.2180402265625
25,16,0.2585796593186373,0.16264974726898576,medical,0.192302515625
26,16,0.3709293587174349,0.2439022984363666,medical,0.27661744921875003
27,16,0.3521574398797595,0.22965158866962476,medical,0.25194809375
28,16,0.3475701402805611,0.226578793061759,medical,0.24394318359375
29,16,0.2741733466933868,0.17348062202771622,medical,0.1911641015625
30,16,0.44387211923847697,0.30929008088326726,medical,0.30847553125
31,16,0.4069075651302605,0.2817285809269777,medical,0.23880640625000002
32,16,0.3094000501002004,0.19926092889519742,medical,0.18264736328125
33,16,0.3411197394789579,0.22238615314767618,medical,0.23273203906249998
34,16,0.2978300350701403,0.18942684736772916,medical,0.22078906640624998
35,16,0.22923972945891782,0.1428733173973655,medical,0.16225986328125
36,16,0.30871117234468937,0.19741058596269018,medical,0.23854561328124996
37,16,0.26294777054108215,0.16764533340184642,medical,0.21035385546875002
38,16,0.4033692384769539,0.267560693036645,medical,0.33277290234375
39,16,0.3427010270541082,0.221943576352394,medical,0.2557465
40,16,0.3626941382765531,0.2381907754903747,medical,0.27802924609375
41,16,0.2829252254509018,0.18177706283918707,medical,0.20790951171875002
42,16,0.2951684619238477,0.1899803491987861,medical,0.21497102343750005
43,16,0.41079033066132264,0.2784475127410999,medical,0.3171197929687501
44,16,0.3911573146292585,0.2614413725886672,medical,0.26960077734375004
45,16,0.4292334669338677,0.29627718362688304,medical,0.3197595703125
46,16,0.38074586673346694,0.2606774349008818,medical,0.28009537890625
47,16,0.24716620741482967,0.17175204833020463,medical,0.2162317734375
0,32,0.1338949548192771,0.0864140182664279,medical,0.11369777734375
1,32,0.14906501004016065,0.09200000690964547,medical,0.1228588203125
2,32,0.20524284638554216,0.12827219913063287,medical,0.17124859374999998
3,32,0.23020205823293172,0.1418348301631434,medical,0.19378416015624997
4,32,0.2682605421686747,0.167712630965643,medical,0.20177148046875
5,32,0.30415411646586343,0.19229008385634894,medical,0.24609160156249998
6,32,0.43040913654618473,0.29576710661048006,medical,0.3346698984375
7,32,0.34487951807228917,0.22954664701652652,medical,0.21721018750000004
8,32,0.2765907379518072,0.17462998848541017,medical,0.1877211640625
9,32,0.30878200301204817,0.19703315426206994,medical,0.22875505859375
10,32,0.2507686997991968,0.1557510706607092,medical,0.17870040234375
11,32,0.2349711345381526,0.1442077389366546,medical,0.17628680078125
12,32,0.263679718875502,0.16341629142833963,medical,0.20652541015625
13,32,0.22643699799196787,0.14094335216323167,medical,0.17807250390625004
14,32,0.369132781124498,0.2403265102813296,medical,0.2863607343749999
15,32,0.3365963855421687,0.215394993783548,medical,0.26257624999999996
16,32,0.36276355421686746,0.23442868766663946,medical,0.26777672656250007
17,32,0.2673977158634538,0.16679178975865724,medical,0.19327429687500003
18,32,0.43579003514056225,0.3008767894310064,medical,0.32129780078125003
19,32,0.37004267068273095,0.24981784725760628,medical,0.22977440234375
20,32,0.29646711847389556,0.18982787348751207,medical,0.19727725390625
21,32,0.3107272841365462,0.19950626403939656,medical,0.22601608203125
22,32,0.2739081325301205,0.1716933668740898,medical,0.20961051953125
23,32,0.23699485441767068,0.1465635881298532,medical,0.17713646093750002
24,32,0.27768888052208834,0.17405799800378113,medical,0.2180402265625
25,32,0.2418109939759036,0.14999166663323288,medical,0.192302515625
26,32,0.3481268825301205,0.22551773862014826,medical,0.27661744921875003
27,32,0.3246893825301205,0.2085075483418857,medical,0.25194809375
28,32,0.3215047690763052,0.20646585398091422,medical,0.24394318359375
29,32,0.2561809738955823,0.16036487775945607,medical,0.1911641015625
30,32,0.41647841365461846,0.28528421879325494,medical,0.30847553125
31,32,0.3718624497991968,0.25106848194197595,medical,0.23880640625000002
32,32,0.2805440512048193,0.17781103044657265,medical,0.18264736328125
33,32,0.3151041666666667,0.20239540969962658,medical,0.23273203906249998
34,32,0.28112449799196787,0.17687496294424004,medical,0.22078906640624998
35,32,0.2123964608433735,0.13074459286808685,medical,0.16225986328125
36,32,0.29088227911646586,0.18384466938683808,medical,0.23854561328124996
37,32,0.2503137550200803,0.15789491911479864,medical,0.21035385546875002
38,32,0.38979354919678716,0.25645563717852876,medical,0.33277290234375
39,32,0.3200301204819277,0.20465108296433596,medical,0.2557465
40,32,0.3419772841365462,0.22215989053338453,medical,0.27802924609375
41,32,0.2659073795180723,0.16884425815148707,medical,0.20790951171875002
42,32,0.27975966365461846,0.17979632204029794,medical,0.21497102343750005
43,32,0.3933860441767068,0.26374763678980545,medical,0.3171197929687501
44,32,0.37057605421686746,0.2444992618938402,medical,0.26960077734375004
45,32,0.40568524096385544,0.2762083576842613,medical,0.3197595703125
46,32,0.3635636295180723,0.24668068711743407,medical,0.28009537890625
47,32,0.24046184738955823,0.1660859221100185,medical,0.2162317734375
